layer,code,linetype,lineweight,color,PAT_name,PAT_color,PAT_scale,PAT_lineweight,solid_color
B_C_01,,continuous,0.18,"102,102,102",,,,,
B_C_02,,continuous,0.18,"102,102,102",,,,,
B_C,,continuous,0.18,"102,102,102",,,,,
B_C_03,,continuous,0.18,"102,102,102",,,,,
B_M_01_a,,continuous,0.18,"102,102,102",,,,,
B_M_01_b,,continuous,0.18,"102,102,102",,,,,
B_M_02_a,,continuous,0.18,"102,102,102",,,,,
B_M_02_b,,continuous,0.18,"102,102,102",,,,,
B_T_01_a,,continuous,0.19,"102,102,103",,,,,
B_T_01_b,,continuous,0.20,"102,102,104",,,,,
B_T_02_a,,continuous,0.21,"102,102,105",,,,,
B_T_02_b,,continuous,0.22,"102,102,106",,,,,
E_B,,continuous,0.18,black,,,,,
E_B_01,,continuous,0.18,black,,,,,
E_B_02,,continuous,0.18,black,,,,,
E_B_03,,continuous,0.18,black,,,,,
E_B_04,,continuous,0.18,black,,,,,
E_C,,continuous,0.18,black,,,,,
E_C_01,,continuous,0.18,black,,,,,
E_C_02,,continuous,0.18,black,,,,,
E_C_03,,continuous,0.18,black,,,,,
E_C_04,,continuous,0.18,black,,,,,
E_F,,continuous,0.18,black,,,,,
E_F_01,,continuous,0.18,black,,,,,
E_F_02,,continuous,0.18,black,,,,,
E_F_03,,continuous,0.18,black,,,,,
E_F_04,,continuous,0.18,black,,,,,
E_F_05,,continuous,0.18,black,,,,,
E_F_06,,continuous,0.18,black,,,,,
E_I,,continuous,0.18,red,,,,,
E_I_01_a,,continuous,0.18,"156,0,255",,,,,
E_I_01_b,,continuous,0.18,"156,0,255",,,,,
E_I_01_c,,continuous,0.18,"156,0,255",,,,,
E_I_02_a,,continuous,0.18,"156,0,255",,,,,
E_I_02_b,,continuous,0.18,"156,0,255",,,,,
E_I_03_a,,continuous,0.18,"156,0,255",,,,,
E_I_03_d,,continuous,0.18,"156,0,255",,,,,
E_I_04_a,,continuous,0.18,"156,0,255",,,,,
E_I_04_d,,continuous,0.18,"156,0,255",,,,,
E_I_05,,continuous,0.18,"156,0,255",,,,,
E_I_06,,continuous,0.18,"156,0,255",,,,,
E_I_07_a,,continuous,0.18,"156,0,255",,,,,
E_I_07_b,,continuous,0.18,"156,0,255",,,,,
E_I_08_a,,continuous,0.18,"156,0,255",,,,,
E_I_08_b,,continuous,0.18,"156,0,255",,,,,
E_I_09,,continuous,0.18,"156,0,255",,,,,
E_M,,continuous,0.18,"41,0,165",,,,,
E_M_01,,continuous,0.18,"41,0,165",,,,,
E_M_02,,continuous,0.18,"41,0,165",,,,,
E_M_03_a,,continuous,0.18,"41,0,165",,,,,
E_M_03_b,,continuous,0.18,"41,0,165",,,,,
E_M_04_a,,continuous,0.18,"41,0,165",,,,,
E_M_04_b,,continuous,0.18,"41,0,165",,,,,
E_M_04_c,,continuous,0.18,"41,0,165",,,,,
E_M_05_a,,continuous,0.18,"41,0,165",,,,,
E_M_05_b,,continuous,0.18,"41,0,165",,,,,
E_P,,continuous,0.18,"41,0,165",,,,,
E_P_01,,continuous,0.18,"41,0,165",,,,,
E_P_02,,continuous,0.18,"41,0,165",,,,,
E_P_02_NRO815,,continuous,0.18,"41,0,165",,,,,
E_P_02_NRO906,,continuous,0.18,"41,0,165",,,,,
E_P_02_NRO873,,continuous,0.18,"41,0,165",,,,,
E_P_03_a,,continuous,0.18,"41,0,165",,,,,
E_P_03_b,,continuous,0.18,"41,0,165",,,,,
E_P_04,,continuous,0.18,"41,0,165",,,,,
E_P_05,,continuous,0.18,"41,0,165",,,,,
E_P_06,,continuous,0.18,"41,0,165",,,,,
E_S,,continuous,0.18,black,,,,,
E_S_01,,continuous,0.18,"160,130,90",,,,,
E_S_02,,continuous,0.18,"160,130,90",,,,,
E_S_03,,continuous,0.18,"160,130,90",,,,,
E_S_04,,continuous,0.18,"160,130,90",,,,,
E_S_05,,continuous,0.18,black,,,,,
E_S_06,,continuous,0.18,black,,,,,
E_S_07,,continuous,0.18,black,,,,,
E_S_08,,continuous,0.18,black,,,,,
E_S_09_a,,continuous,0.18,"102,102,102",,,,,
E_S_09_b,,continuous,0.18,"102,102,102",,,,,
E_S_10_a,,continuous,0.18,"102,102,102",,,,,
E_S_10_b,,continuous,0.18,"102,102,102",,,,,
E_S_11_a,,continuous,0.18,"102,102,102",,,,,
E_S_11_b,,continuous,0.18,"102,102,102",,,,,
E_S_12_a,,continuous,0.18,"102,102,102",,,,,
E_S_12_b,,continuous,0.18,"102,102,102",,,,,
E_S_13,,continuous,0.18,"102,102,102",,,,,
E_S_14,,continuous,0.18,"102,102,102",,,,,
E_S_15,,continuous,0.18,"102,102,102",,,,,
E_S_16,,continuous,0.18,"102,102,102",,,,,
E_S_17,,continuous,0.18,"160,130,90",,,,,
E_S_18,,continuous,0.18,"160,130,90",,,,,
E_S_19,,continuous,0.18,"160,130,90",,,,,
E_S_20,,continuous,0.18,"160,130,90",,,,,
E_S_21,,continuous,0.18,"160,130,90",,,,,
E_S_22,,continuous,0.18,"160,130,90",,,,,
E_S_23,,continuous,0.18,"160,130,90",,,,,
E_S_24,,continuous,0.18,"160,130,90",,,,,
E_S_25,,continuous,0.18,"160,130,90",,,,,
E_S_26,,continuous,0.18,"160,130,90",,,,,
E_S_27,,continuous,0.18,"160,130,90",,,,,
E_S_29,,continuous,0.18,"160,130,90",,,,,
E_S_28,,continuous,0.18,"160,130,90",,,,,
E_S_30,,continuous,0.18,"160,130,90",,,,,
E_W,,continuous,0.18,"41,0,165",,,,,
E_W_01,,continuous,0.18,"41,0,165",,,,,
E_W_02,,continuous,0.18,"41,0,165",,,,,
E_W_03,,continuous,0.18,"41,0,165",,,,,
E_W_04_a,,continuous,0.18,"41,0,165",,,,,
E_W_04_b,,continuous,0.18,"41,0,165",,,,,
F_G_01,,continuous,0.18,"102,102,102",,,,,
F_G_02,,continuous,0.13,"255,255,255",Grid,"170,170,170",1,0.13,"126,126,126"
F_G_03,,continuous,0.18,"102,102,102",,,,,
F_M_01_a,,hidden,0.18,"166,166,166",,,,,
F_M_01_b,,hidden,0.18,"166,166,166",,,,,
F_M,,hidden,0.18,"166,166,166",,,,,
F_M_01_d,,hidden,0.18,"166,166,166",,,,,
F_M_02_a,,dashed,0.18,"51,51,51",,,,,
F_M_02_b,,dashed,0.18,"51,51,51",,,,,
F_M_03_a,,dashed,0.18,"166,166,166",,,,,
F_M_03_b,,dashed,0.18,"166,166,166",,,,,
F_M_03_d,,dashed,0.18,"166,166,166",,,,,
F_M_04_a,,dashed,0.18,"166,166,166",,,,,
F_M_05_a,,continuous,0.18,"51,51,51",,,,,
F_M_05_b,,continuous,0.18,"51,51,51",,,,,
F_M_05_d,,continuous,0.18,"166,166,166",,,,,
F_M_06_a,,continuous,0.18,"51,51,51",,,,,
F_M_06_b,,continuous,0.18,"51,51,51",,,,,
F_M_06_c,,continuous,0.18,"166,166,166",,,,,
F_M_06_d,,continuous,0.18,"166,166,166",,,,,
F_M_07_a,,continuous,0.18,"51,51,51",,,,,
F_M_07_b,,continuous,0.18,"51,51,51",,,,,
F_M_08_a,,continuous,0.18,"166,166,166",,,,,
F_M_08_b,,continuous,0.18,"166,166,166",,,,,
F_M_08_c,,continuous,0.18,"166,166,166",,,,,
F_M_08_d,,continuous,0.18,"166,166,166",,,,,
F_S_01_a,,continuous,0.18,"191,63,255",Grid,"240,211,255",2,0.13,"192,176,200"
F_S_01_b,,continuous,0.18,"191,63,255",Grid,"240,211,255",2,0.13,"192,176,200"
F_S_01_c,,continuous,0.18,"191,63,255",Grid,"240,211,255",2,0.13,"192,176,200"
F_S_01_d,,continuous,0.18,"191,63,255",Grid,"240,211,255",2,0.13,"192,176,200"
F_S_02,,continuous,0.18,"102,102,102",,,,,
F_S_03,,continuous,0.18,"102,102,102",,,,,
F_W_01_a,,continuous,0.18,"111,90,62",,,,,
F_W_01_b,,continuous,0.18,"111,90,62",,,,,
F_W_02_a,,continuous,0.18,"111,90,62",,,,,
F_W_02_b,,continuous,0.18,"111,90,62",,,,,
F_W_03_a,,continuous,0.18,"111,90,62",,,,,
F_W_03_b,,continuous,0.18,"111,90,62",,,,,
F_W,,hidden,0.18,"166,166,166",,,,,
F_W_03_c,,continuous,0.18,"166,166,166",,,,,
F_W_03_d,,continuous,0.18,"166,166,166",,,,,
F_W_04_a,,continuous,0.18,"111,90,62",,,,,
F_W_04_b,,continuous,0.18,"111,90,62",,,,,
F_W_04_d,,continuous,0.18,"166,166,166",,,,,
F_W_05_a,,continuous,0.18,"111,90,62",,,,,
F_W_05_b,,continuous,0.18,"111,90,62",,,,,
F_W_05_d,,continuous,0.18,"166,166,166",,,,,
F_W_06_a,,continuous,0.18,"111,90,62",,,,,
F_W_06_b,,continuous,0.18,"111,90,62",,,,,
F_W_06_c,,continuous,0.18,"166,166,166",,,,,
F_W_06_d,,continuous,0.18,"166,166,166",,,,,
G_B_01,,continuous,0.18,"127,127,0",,,,,
G_B_02,,continuous,0.18,"127,127,0",,,,,
G_B_03,,continuous,0.18,"127,127,0",,,,,
G_B_04,,continuous,0.18,"127,127,0",,,,,
G_B_05,,continuous,0.18,"127,127,0",,,,,
G_B_06,,continuous,0.18,"127,127,0",,,,,
G_B_07,,continuous,1.2,"255,255,255",random_points_01,"255,255,255",6,1.2,"182,197,65"
G_B_08,,continuous,0.18,"204,204,0",V-shape_random,"242,255,138",3,0.1,"178,198,120"
G_B_09,,continuous,0.18,"127,127,0",,,,,
G_B_10,,continuous,0.18,"71,100,33",random_points_01,"255,255,255",6,0.6,"99,140,46"
G_B_11,,continuous,0.18,"127,127,0",,,,,
G_B_12,,continuous,0.18,"127,127,0",,,,,
G_B_13,,continuous,0.18,"127,127,0",,,,,
G_B_14,,continuous,0.18,"127,127,0",,,,,
G_B_15,,continuous,0.18,"127,127,0",,,,,
G_B_16,,continuous,0.40,"200,71,71",G_L_01,"254,90,90",9,1.2,"182,197,65"
G_B_17,,continuous,0.18,"127,127,0",,,,,
G_B_18,,continuous,0.40,"255,224,0",G_L_01,"255,224,0",9,1.2,"127,180,59"
G_B_19,,continuous,0.18,"127,127,0",,,,,
G_B_20,,continuous,0.18,"182,197,65",random_points_01,"230,255,0",5,,
G_B_21,,continuous,0.4,"63,191,127",random_points_01,"230,255,0",10,1.2,"182,197,65"
G_B_22,,continuous,0.18,"127,127,0",,,,,
G_B_23,,continuous,0.4,"271,71,71",random_points_01,"254,90,90",10,1.4,"182,197,65"
G_B_24,,continuous,0.18,"127,127,0",,,,,
G_B_25,,continuous,0.18,"127,127,0",,,,,
G_B_26,,continuous,0.18,"127,127,0",,,,,
G_B_27,,continuous,0.18,"127,127,0",,,,,
G_B_28,,continuous,0.18,"127,127,0",,,,,
G_B_29,,continuous,0.18,"127,127,0",,,,,
G_B_30,,continuous,0.18,"127,127,0",,,,,
G_B_31,,continuous,0.18,"127,127,0",,,,,
G_B_32,,continuous,0.18,"127,127,0",,,,,
G_B_33,,continuous,0.18,"127,127,0",,,,,
G_B_34,,continuous,0.4,"255,255,255",random_points_01,"255,255,255",10,1.4,"163,0,79"
G_C_01,,continuous,0.18,"255,255,0",V-shape_random,"255,255,0",7.5,0.1,"203,220,73"
G_F_01,,continuous,0.18,"82,165,0",,,,,
G_F_02,,continuous,0.3,"203,100,255",random_points_01,"203,100,255",5,1.2,"203,220,73"
G_F_03,,continuous,0.3,"203,100,255",random_points_01,"203,100,255",5,1.2,"203,220,73"
G_G_01,,continuous,0.6,"255,255,0",random_points_01,"255,255,0",5,1,"203,220,73"
G_G_02,,continuous,0.18,"165,165,0",,,,,
G_G_03,,continuous,0.18,"165,165,0",,,,,
G_G_04,,continuous,0.18,"165,165,0",,,,,
G_G_05,,continuous,0.18,"165,165,0",,,,,
G_G_06,,continuous,0.6,"127,180,59",random_points_01,"127,180,59",5,1,"210,0,102"
G_G_07,,continuous,0.18,"165,165,0",,,,,
G_G_08,,continuous,0.18,"165,165,0",,,,,
G_G_09,,continuous,0.18,"165,165,0",,,,,
G_G_10,,continuous,0.18,"165,165,0",,,,,
G_H_01,,continuous,0.18,"57,76,0",V-shape_random,"242,255,138",8,0.1,"170,210,69"
G_H_02,,continuous,0.18,"57,76,0",V-shape_random,"242,255,138",8,0.1,"170,210,69"
G_H_03,,continuous,0.18,"57,76,0",V-shape_random,"242,255,138",8,0.1,"170,210,69"
G_H_04,,continuous,0.18,"57,76,0",,,,,
G_H_05,,continuous,0.18,"57,76,0",,,,,
G_H_06,,continuous,0.18,"57,76,0",,,,,
G_L_01,,continuous,0.18,"170,210,69",Double-lines_random,"255,255,255",7.5,0.1,"170,210,69"
G_L_02,,continuous,0.18,"255,255,0",Double-lines_random,"255,255,0",7.5,0.1,"203,220,73"
G_L_03,,continuous,0.18,"182,197,65",Double-lines_random,"255,255,255",7.5,0.1,"182,197,65"
G_L_04,,continuous,0.18,"182,197,65",Double-lines_random,"255,255,255",7.5,0.1,"182,197,65"
G_L_05,,continuous,0.18,"182,197,65",Double-lines_random,"255,255,105",7.5,0.1,"182,197,65"
G_L_06,,continuous,0.18,"182,197,65",Double-lines_random,"240,240,175",7.5,0.1,"182,197,65"
G_L_07,,continuous,0.18,"95,127,0",,,,,
G_L_08,,continuous,0.18,"182,197,65",V-shape_random,"242,255,138",7.5,0.13,"182,197,65"
G_L_09,,continuous,0.18,"200,0,200",Double-lines_random,"255,255,255",1,0.2,"109,180,109"
G_T,,continuous,0.18,,,,,,
G_T_01,,continuous,0.18,,,,,,
G_T_02,,continuous,0.18,,,,,,
G_T_03,,continuous,0.18,,,,,,
G_T_04,,continuous,0.18,,,,,,
G_T_05,,continuous,0.18,,,,,,
G_T_06,,continuous,0.18,,,,,,
G_T_07,,continuous,0.18,,,,,,
G_T_08,,continuous,0.18,,,,,,
G_T_09,,continuous,0.18,,,,,,
G_T_10,,continuous,0.18,,,,,,
G_T_11,,continuous,0.18,,,,,,
G_T_12,,continuous,0.18,,,,,,
G_T_13,,continuous,0.18,,,,,,
G_T_14,,continuous,0.18,,,,,,
G_T_15,,continuous,0.18,,,,,,
G_T_16,,continuous,0.18,,,,,,
G_T_17,,continuous,0.18,,,,,,
G_T_18,,continuous,0.18,,,,,,
G_T_19,,continuous,0.18,,,,,,
G_T_20,,continuous,0.18,,,,,,
G_T_21,,continuous,0.18,,,,,,
G_T_22,,continuous,0.18,,,,,,
G_T_23,,continuous,0.18,,,,,,
G_T_24,,continuous,0.18,,,,,,
G_T_25,,continuous,0.18,,,,,,
G_T_26,,continuous,0.18,,,,,,
G_T_27,,continuous,0.18,,,,,,
G_V_01,,dashed,0.18,"95,127,0",G_L_01,"99,128,128",12,2,"93,231,231"
G_V_02,,dashed,0.18,"95,127,0",,,,,
G_V_03,,dashed,0.18,"95,127,0",,,,,
G_V_04,,dashed,0.18,"95,127,0",,,,,
G_W_01,,continuous,0.4,"196,75,187",G_L_01,"196,75,187",12,2,"127,180,59"
G_W_02,,continuous,0.18,"127,0,127",,,,,
G_W_03,,continuous,0.18,"127,0,127",,,,,
L_B,,continuous,0.18,"127,31,0",,,,,
L_B_01_a,,continuous,0.18,"127,31,0",,,,,
L_B_01_b,,continuous,0.18,"127,31,0",,,,,
L_B_01_c,,continuous,0.18,"127,31,0",,,,,
L_B_02_a,,continuous,0.18,"127,31,0",,,,,
L_B_02_b,,continuous,0.18,"127,31,0",,,,,
L_B_02_c,,continuous,0.18,"127,31,0",,,,,
L_B_03_a,,continuous,0.18,"127,31,0",,,,,
L_B_03_b,,continuous,0.18,"127,31,0",,,,,
L_B_03_c,,continuous,0.18,"127,31,0",,,,,
L_B_04_a,,continuous,0.18,"127,31,0",,,,,
L_B_04_b,,continuous,0.18,"127,31,0",,,,,
L_B_04_c,,continuous,0.18,"127,31,0",,,,,
L_B_05_a,,continuous,0.18,"127,31,0",,,,,
L_B_05_b,,continuous,0.18,"127,31,0",,,,,
L_B_05_c,,continuous,0.18,"127,31,0",,,,,
L_B_06_a,,continuous,0.18,"127,31,0",,,,,
L_B_06_b,,continuous,0.18,"127,31,0",,,,,
L_B_06_c,,continuous,0.18,"127, 31, 0",,,,,
L_C,,continuous,0.18,"255,63,0",,,,,
L_C_01_a,,continuous,0.18,"255,63,0",,,,,
L_C_01_b,,continuous,0.18,"255,63,0",,,,,
L_?_01_c,,continuous,0.18,"255,63,0",,,,,
L_?_02_a,,continuous,0.18,"255,63,0",,,,,
L_?_02_b,,continuous,0.18,"255,63,0",,,,,
L_?_02_c,,continuous,0.18,"255,63,0",,,,,
L_?_03,,continuous,0.18,"255,63,0",,,,,
L_F,,continuous,0.18,"165,0,0",,,,,
L_F_01_a,,continuous,0.18,"165,0,0",,,,,
L_F_01_b,,continuous,0.18,"165,0,0",,,,,
L_F_01_c,,continuous,0.18,"165,0,0",,,,,
L_F_02_a,,continuous,0.18,"165,0,0",,,,,
L_F_02_b,,continuous,0.18,"165,0,0",,,,,
L_F_02_c,,continuous,0.18,"165,0,0",,,,,
L_F_03_a,,continuous,0.18,"165,0,0",,,,,
L_F_03_b,,continuous,0.18,"165,0,0",,,,,
L_F_03_c,,continuous,0.18,"165,0,0",,,,,
L_F_04_a,,continuous,0.18,"165,0,0",,,,,
L_F_04_b,,continuous,0.18,"165,0,0",,,,,
L_F_04_c,,continuous,0.18,"165,0,0",,,,,
L_I,,continuous,0.18,"127,0 ,0 ",,,,,
L_I_01_a,,continuous,0.18,"127,0 ,0",,,,,
L_I_01_b,,continuous,0.18,"127,0 ,0",,,,,
L_I_01_c,,continuous,0.18,"127,0 ,0",,,,,
L_I_02_a,,continuous,0.18,"127,0 ,0",,,,,
L_I_02_b,,continuous,0.18,"127,0 ,0",,,,,
L_I_02_c,,continuous,0.18,"127,0 ,0",,,,,
L_I_03_a,,continuous,0.18,"127,0 ,0",,,,,
L_I_03_b,,continuous,0.18,"127,0 ,0",,,,,
L_I_03_c,,continuous,0.18,"127,0 ,0",,,,,
L_M,,continuous,0.18,"165,41,0",,,,,
L_M_01_a,,continuous,0.18,"165,41,0",,,,,
L_M_01_b,,continuous,0.18,"165,41,0",,,,,
L_M_01_c,,continuous,0.18,"165,41,0",,,,,
L_M_02_b,,continuous,0.18,"165,41,0",,,,,
L_M_02_c,,continuous,0.18,"165,41,0",,,,,
L_M_03_b,,continuous,0.18,"165,41,0",,,,,
L_M_03_c,,continuous,0.18,"165,41,0",,,,,
L_M_04_b,,continuous,0.18,"165,41,0",,,,,
L_M_04_c,,continuous,0.18,"165,41,0",,,,,
L_M_04_c,,continuous,0.18,"165,41,0",,,,,
L_M_05,,continuous,0.18,"165,41,0",,,,,
L_M_05_a,,continuous,0.18,"165,41,0",,,,,
L_M_05_b,,continuous,0.18,"165,41,0",,,,,
L_M_05_c,,continuous,0.18,"165,41,0",,,,,
L_M_06_b,,continuous,0.18,"165,41,0",,,,,
L_M_06_c,,continuous,0.18,"165,41,0",,,,,
L_P,,continuous,0.18,red,,,,,
L_P_01,,continuous,0.18,red,,,,,
L_P_01_a,,continuous,0.18,red,,,,,
L_P_01_b,,continuous,0.18,red,,,,,
L_P_01_c,,continuous,0.18,red,,,,,
L_P_02,,continuous,0.18,red,,,,,
L_P_02_a,,continuous,0.18,red,,,,,
L_P_02_b,,continuous,0.18,red,,,,,
L_P_02_c,,continuous,0.18,red,,,,,
L_P_03_a,,continuous,0.18,red,,,,,
L_P_03_b,,continuous,0.18,red,,,,,
L_P_03_c,,continuous,0.18,red,,,,,
L_P_04_a,,continuous,0.18,red,,,,,
L_P_04_b,,continuous,0.18,red,,,,,
L_P_04_c,,continuous,0.18,red,,,,,
L_P_05,,continuous,0.18,red,,,,,
L_P_05_a,,continuous,0.18,red,,,,,
L_P_05_b,,continuous,0.18,red,,,,,
L_P_05_c,,continuous,0.18,red,,,,,
L_P_06_a,,continuous,0.18,red,,,,,
L_P_06_b,,continuous,0.18,red,,,,,
L_P_06_c,,continuous,0.18,red,,,,,
N_C,,continuous,0.18,black,,,,,
N_C_01,,continuous,0.18,black,,,,,
N_C_02,,continuous,0.18,black,,,,,
N_C_03,,continuous,0.18,black,,,,,
N_C_04,,continuous,0.18,black,,,,,
N_C_05,,continuous,0.18,black,,,,,
N_C_06,,continuous,0.18,black,,,,,
N_D,,continuous,0.18,black,,,,,
N_D_01_a,,continuous,0.18,black,,,,,
N_D_01_b,,continuous,0.18,black,,,,,
N_F,,continuous,0.18,black,,,,,
N_F_01_a,,continuous,0.18,black,,,,,
N_F_01_b,,continuous,0.18,black,,,,,
N_F_02_a,,continuous,0.18,black,,,,,
N_F_02_b,,continuous,0.18,black,,,,,
N_F_03,,continuous,0.18,black,,,,,
N_F_04,,continuous,0.18,black,Grid,"255,255,255",1,0.13,"100,100,100"
N_H,,continuous,0.18,black,,,,,
N_H_01,,continuous,0.18,black,,,,,
N_H_02,,continuous,0.18,black,,,,,
N_M,,continuous,0.18,black,,,,,
N_M_01_a,,continuous,0.18,black,,,,,
N_M_01_b,,continuous,0.18,black,,,,,
N_M_02_a,,continuous,0.18,black,,,,,
N_M_02_b,,continuous,0.18,black,,,,,
N_P,,continuous,0.18,black,,,,,
N_P_01,,continuous,0.18,black,,,,,
N_S,,continuous,0.18,black,,,,,
N_S_01_a,,continuous,0.18,black,,,,,
N_S_01_b,,continuous,0.18,black,,,,,
P_C_01_a,PAV_PRD1_MAT1_2_PAT1_COL2_BST1,continuous,0.18,"186,186,186",P_C_01,"190,190,190",1.7,0.13,"230,230,230"
P_C_01_b,PAV_PRD1_MAT1_2_PAT1_COL2_BST2,continuous,0.18,"186,186,186",P_C_01,"190,190,190",1.7,0.13,"230,230,230"
P_C_02_a,PAV_PRD1_MAT1_5_PAT1_COL2_BST1,continuous,0.18,"186,186,186",P_C_01,"190,190,190",1.7,0.13,"230,230,230"
P_C_02_b,PAV_PRD1_MAT1_5_PAT1_COL2_BST2,continuous,0.18,"186,186,186",P_C_01,"190,190,190",1.7,0.13,"230,230,230"
P_C_03_a,PAV_PRD1_MAT1_4_PAT1_COL1_BST1,continuous,0.18,"56,56,56",,,,,
P_C_03_b,PAV_PRD1_MAT1_4_PAT1_COL1_BST2,continuous,0.18,"56,56,56",,,,,
P_C_04_a,PAV_PRD1_MAT1_5_PAT1_COL2_BST1,continuous,0.18,"56,56,56",,,,,
P_C_04_b,PAV_PRD1_MAT1_5_PAT1_COL2_BST2,continuous,0.18,"56,56,56",,,,,
P_C_05_a,PAV_PRD1_MAT1_PAT2_COL2_BST1,continuous,0.18,"186,186,186",Grid,"160,160,160",1,0.13,"255,255,255"
P_C_05_b,PAV_PRD1_MAT1_PAT2_COL2_BST2,continuous,0.18,"186,186,186",Grid,"160,160,160",1,0.13,"255,255,255"
P_C_06_a,PAV_PRD1_MAT1_PAT2_COL1_2_BST1,continuous,0.18,"105,105,105",Grid,"160,160,160",1,0.13,"255,255,255"
P_C_06_b,PAV_PRD1_MAT1_PAT2_COL1_2_BST2,continuous,0.18,"105,105,105",Grid,"160,160,160",1,0.13,"255,255,255"
P_C_07_a,,continuous,0.18,"105,105,105",Grid,"160,160,160",1,0.13,"255,255,255"
P_C_07_b,,continuous,0.18,"105,105,105",Grid,"160,160,160",1,0.13,"255,255,255"
P_C_08_a,,continuous,0.18,"105,105,105",Grid,"160,160,160",1,0.13,"194,194,194"
P_C_08_b,,continuous,0.18,"105,105,105",Grid,"160,160,160",1,0.13,"194,194,194"
P_C_09_a,PAV_PRD1_MAT1_PAT2_COL1_BST1,continuous,0.18,"56,56,56",,,,,
P_C_09_b,PAV_PRD1_MAT1_PAT2_COL1_BST2,continuous,0.18,"56,56,56",,,,,
P_C_10_a,PAV_PRD1_MAT1_2_5_PAT3_COL2_BST1,continuous,0.18,"186,186,186",,,,,
P_C_10_b,PAV_PRD1_MAT1_2_5_PAT3_COL2_BST2,continuous,0.18,"186,186,186",,,,,
P_C_11_a,PAV_PRD1_MAT1_2_5_PAT3_COL1_BST1,continuous,0.18,"56,56,56",,,,,
P_C_11_b,PAV_PRD1_MAT1_2_5_PAT3_COL1_BST2,continuous,0.18,"56,56,56",,,,,
P_C_12_a,PAV_PRD1_MAT1_2_PAT4_COL2_BST1,continuous,0.18,"186,186,186",,,,,
P_C_12_b,PAV_PRD1_MAT1_2_PAT4_COL2_BST2,continuous,0.18,"186,186,186",,,,,
P_C_13_a,PAV_PRD1_MAT1_2_PAT4_COL1_BST1,continuous,0.18,"56,56,56",,,,,
P_C_13_b,PAV_PRD1_MAT1_2_PAT4_COL1_BST2,continuous,0.18,"56,56,56",,,,,
P_C_14_a,PAV_PRD1_MAT1_2_PAT5_COL2_BST1,continuous,0.18,"186,186,186",Grid,"110,110,100",1,0.13,"210,210,210"
P_C_14_b,PAV_PRD1_MAT1_2_PAT5_COL2_BST2,continuous,0.18,"186,186,186",Grid,"110,110,100",1,0.13,"210,210,210"
P_C_15_a,PAV_PRD1_MAT1_2_PAT5_COL2_BST1,continuous,0.18,"56,56,56",,,,,
P_C_15_b,PAV_PRD1_MAT1_2_PAT5_COL2_BST2,continuous,0.18,"56,56,56",,,,,
P_C_16_a,PAV_PRD1_MAT1_5_8_PAT6_COL2_BST1,continuous,0.18,"186,186,186",,,,,
P_C_16_b,PAV_PRD1_MAT1_5_8_PAT6_COL2_BST2,continuous,0.18,"186,186,186",,,,,
P_C_17_a,,continuous,0.18,"105,105,105",,,,,
P_C_17_b,,continuous,0.18,"105,105,105",,,,,
P_C_18_a,,continuous,0.18,"105,105,105",,,,,
P_C_18_b,,continuous,0.18,"105,105,105",,,,,
P_C_19_a,,continuous,0.18,"105,105,105",,,,,
P_C_19_b,,continuous,0.18,"105,105,105",,,,,
P_C_20_a,PAV_PRD1_MAT1_5_8_PAT6_COL1_BST1,continuous,0.18,"56,56,56",,,,,
P_C_20_b,PAV_PRD1_MAT1_5_8_PAT6_COL1_BST2,continuous,0.18,"56,56,56",,,,,
P_C_21_a,PAV_PRD1_MAT1_PAT7_COL2_BST1,continuous,0.18,"186,186,186",P_C_21,"190,190,190",2.40,0.13,"230,230,230"
P_C_21_b,PAV_PRD1_MAT1_PAT7_COL2_BST2,continuous,0.18,"186,186,186",P_C_21,"190,190,190",2.40,0.13,"230,230,230"
P_C_22_a,PAV_PRD1_MAT1_PAT8_COL2_BST1,continuous,0.18,"186,186,186",P_C_22,"160,160,160",2.40,0.13,"200,200,200"
P_C_22_b,PAV_PRD1_MAT1_PAT8_COL2_BST2,continuous,0.18,"186,186,186",P_C_22,"160,160,160",2.40,0.13,"200,200,200"
P_C_23_a,PAV_PRD1_MAT1_5_PAT9_COL2_BST1,continuous,0.18,"186,186,186",,,,,
P_C_23_b,PAV_PRD1_MAT1_5_PAT9_COL2_BST2,continuous,0.18,"186,186,186",,,,,
P_C_24_a,PAV_PRD1_MAT1_PAT10_COL2_BST1,continuous,0.13,"190,190,190",P_C_24,"190,190,190",10,0.13,"230,230,230"
P_C_24_b,PAV_PRD1_MAT1_PAT10_COL2_BST2,continuous,0.13,"190,190,190",P_C_24,"190,190,190",10,0.13,"230,230,230"
P_C_25_a,PAV_PRD1_MAT1_5_PAT11_COL2_BST1,continuous,0.18,"186,186,186",,,,,
P_C_25_b,PAV_PRD1_MAT1_5_PAT11_COL2_BST2,continuous,0.18,"186,186,186",,,,,
P_C_26_a,PAV_PRD1_MAT1_8_PAT12_COL2_BST1,continuous,0.18,"186,186,186",,,,,
P_C_26_b,PAV_PRD1_MAT1_8_PAT12_COL2_BST2,continuous,0.18,"186,186,186",,,,,
P_C_27_a,PAV_PRD1_MAT1_5_PAT13_COL1_2_BST1,continuous,0.18,"186,186,186",,,,,
P_C_27_b,PAV_PRD1_MAT1_5_PAT13_COL1_2_BST2,continuous,0.18,"186,186,186",,,,,
P_C_28_a,PAV_PRD1_MAT1_PAT14_COL2_BST1,continuous,0.18,"186,186,186",,,,,
P_C_28_b,PAV_PRD1_MAT1_PAT14_COL2_BST2,continuous,0.18,"186,186,186",,,,,
P_C_29_a,PAV_PRD1_MAT1_5_PAT15_COL2_BST1,continuous,0.18,"186,186,186",,,,,
P_C_29_b,PAV_PRD1_MAT1_5_PAT15_COL2_BST2,continuous,0.18,"186,186,186",,,,,
P_C_30_a,PAV_PRD1_MAT1_5_PAT16_COL1_2_BST1,continuous,0.18,"186,186,186",,,,,
P_C_30_b,PAV_PRD1_MAT1_5_PAT16_COL1_2_BST2,continuous,0.18,"186,186,186",,,,,
P_C_31_a,PAV_PRD1_MAT1_PAT17_COL1_2_BST1,continuous,0.18,"105,105,105",,,,,
P_C_31_b,PAV_PRD1_MAT1_PAT17_COL1_2_BST2,continuous,0.18,"105,105,105",,,,,
P_C_32_a,PAV_PRD1_MAT1_PAT18_COL1_2_BST1,continuous,0.18,"190,190,190",P_C_32,"190,190,190",6.2,0.18,"230,230,230"
P_C_32_b,PAV_PRD1_MAT1_PAT18_COL1_2_BST2,continuous,0.18,"105,105,105",,,,,
P_D_01,PAV_PRD1_MAT6_PAT19_BST2,continuous,0.13,"120,89,59",Hatch2,"200,200,200",1,0.13,"206,119,34"
P_G_01_a,PAV_PRD1_MAT1_8_PAT20_BST1,continuous,0.13,"109,180,109",Squares,"230,230,230",0.5,0.13,"109,180,109"
P_G_01_b,PAV_PRD1_MAT1_8_PAT20_BST2,continuous,0.13,"109,180,109",Squares,"230,230,230",0.5,0.13,"109,180,109"
P_G_02_a,PAV_PRD1_MAT1_5_PAT21_BST1,continuous,0.18,"27,100,44",,,,,
P_G_02_b,PAV_PRD1_MAT1_5_PAT21_BST2,continuous,0.18,"27,100,45",,,,,
P_K_01_a,PAV_PRD1_MAT9_PAT22_COL5_BST1,continuous,0.18,"85,83,73",,,,,
P_K_01_b,PAV_PRD1_MAT9_PAT22_COL5_BST2,continuous,0.18,"85,83,73",,,,,
P_K_02_a,PAV_PRD1_MAT9_PAT22_COL6_BST1,continuous,0.18,"171,168,156",,,,,
P_K_02_b,PAV_PRD1_MAT9_PAT22_COL6_BST2,continuous,0.18,"171,168,156",,,,,
P_K_03_a,PAV_PRD1_MAT9_PAT22_COL7_BST1,continuous,0.13,"120,71,58",P_K_03,"120,71,58",3.00,0.13,"224,181,139"
P_K_03_b,PAV_PRD1_MAT9_PAT22_COL7_BST2,continuous,0.13,"120,71,58",P_K_03,"120,71,58",3.00,0.13,"224,181,139"
P_K_04_a,PAV_PRD1_MAT9_PAT23_COL5_BST1,continuous,0.18,"85,83,73",,,,,
P_K_04_b,PAV_PRD1_MAT9_PAT23_COL5_BST2,continuous,0.18,"85,83,73",,,,,
P_K_05_a,PAV_PRD1_MAT9_PAT23_COL6_BST1,continuous,0.18,"171,168,156",,,,,
P_K_05_b,PAV_PRD1_MAT9_PAT23_COL6_BST2,continuous,0.18,"171,168,156",,,,,
P_K_06_a,PAV_PRD1_MAT9_PAT23_COL7_BST1,continuous,0.13,"120,71,58",P_K_03,"120,71,58",5,0.13,"224,181,139"
P_K_06_b,PAV_PRD1_MAT9_PAT23_COL7_BST2,continuous,0.13,"120,71,58",P_K_03,"120,71,58",5,0.13,"224,181,139"
P_M_01_a,PAV_PRD2_MAT10_COL5_BST1,continuous,0.18,"90,90,90",random_points_01,"170,170,170",1,0.5,"110,110,110"
P_M_01_b,PAV_PRD2_MAT10_COL5_BST2,continuous,0.18,"90,90,90",random_points_01,"170,170,170",1,0.5,"110,110,110"
P_M_02_a,,continuous,0.18,"189,189,189",,,,,
P_M_02_b,,continuous,0.18,"189,189,189",,,,,
P_M_03_a,PAV_PRD2_MAT1_COL6_BST1,continuous,0.18,"200,49,49",random_points_01,"255,191,0",5,0.2,"200,200,200"
P_M_04_a,PAV_PRD2_MAT2_COL6_BST1,continuous,0.18,"186,186,186",Hatch1,"220,220,220",1,0.13,"200,200,200"
P_M_04_b,PAV_PRD2_MAT2_COL6_BST2,continuous,0.18,"186,186,186",,,,,
P_M_05_a,PAV_PRD2_MAT1_COL8_BST1,continuous,0.18,"186,186,186",random_points_01,"160,160,160",5,0.13,"200,49,49"
P_R_01_a,PAV_PRD3_MAT11_COL3_BST1,continuous,0.13,"165,165,165",random_points_01,"145,145,145",0.6,0.13,"215,215.215"
P_R_01_b,PAV_PRD3_MAT11_COL3_BST2,continuous,0.13,"165,165,165",random_points_01,"145,145,145",0.6,0.13,"215,215.215"
P_R_02_a,PAV_PRD3_MAT12_COL1_BST1,continuous,0.18,"0,0,0",random_points_01,"145,145,145",0.6,1,"50,50,50"
P_R_02_b,PAV_PRD3_MAT12_COL1_BST2,continuous,0.18,"0,0,0",random_points_01,"145,145,145",0.6,1,"50,50,50"
P_R_03_a,PAV_PRD3_MAT12_COL10_BST1,continuous,0.18,"222,204,63",,,,,
P_R_03_b,PAV_PRD3_MAT12_COL10_BST2,continuous,0.18,"222,204,63",,,,,
P_R_04_a,PAV_PRD3_MAT12_COL9_BST1,continuous,0.18,"71,54,36",,,,,
P_R_04_b,PAV_PRD3_MAT12_COL9_BST2,continuous,0.18,"71,54,36",,,,,
P_R_05_a,PAV_PRD3_MAT14_BST1,continuous,0.13,"255,191,0",random_points_01,"255,191,0",5,0.13,"255,230,155"
P_R_05_b,PAV_PRD3_MAT14_BST2,continuous,0.13,"255,191,0",random_points_01,"255,191,0",5,0.13,"255,230,155"
P_R_06_a,PAV_PRD3_MAT5_COL10_BST1,continuous,0.13,"200,200,200",random_points_01,"255,255,255",5,0.18,"200,200,200"
P_R_06_b,PAV_PRD3_MAT5_COL10_BST2,continuous,0.13,"200,200,200",random_points_01,"255,255,255",5,0.18,"170,170,170"
P_R_07_a,PAV_PRD3_MAT5_COL2_BST1,continuous,0.13,"200,200,200",random_points_01,"90,90,90",2,1,"194,190,161"
P_R_07_b,PAV_PRD3_MAT5_COL2_BST2,continuous,0.13,"200,200,200",random_points_01,"90,90,90",2,1,"194,190,161"
P_S_01_a,PAV_PRD1_MAT3_5_COL2_3_BST1,continuous,0.18,"137,127,112",,,,,
P_S_01_b,PAV_PRD1_MAT3_5_COL2_3_BST2,continuous,0.18,"137,127,112",,,,,
P_S_02_a,PAV_PRD1_MAT3_12_COL2_1_BST1,continuous,0.18,"190,190,190",P_S,"50,50,50",1,0.13,"200,200,200"
P_S_02_b,PAV_PRD1_MAT3_12_COL2_1_BST2,continuous,0.18,"190,190,190",P_S,"50,50,50",1,0.13,"250,250,250"
P_S_03_a,PAV_PRD1_MAT3_5_COL5_3_BST1,continuous,0.13,"105,105,105",P_S,"230,230,230",1,0.13,"78,74,71"
P_S_03_b,PAV_PRD1_MAT3_5_COL5_3_BST2,continuous,0.13,"105,105,105",P_S,"230,230,230",1,0.13,"78,74,71"
P_S_04_a,PAV_PRD1_MAT3_12_COL5_1_BST1,continuous,0.18,"95,88,78",,,,,
P_S_04_b,PAV_PRD1_MAT3_12_COL5_1_BST2,continuous,0.18,"95,88,78",,,,,
P_T_01_a,,continuous,0.18,"246,220,90",,,,,
P_T_01_b,,continuous,0.18,"246,220,90",,,,,
P_T_01_c,,continuous,0.18,"246,220,90",,,,,
P_T_01_d,,continuous,0.18,"246,220,90",,,,,
P_T_02_a,,continuous,0.18,"231,81,54",,,,,
P_T_02_b,,continuous,0.18,"231,81,54",,,,,
P_T_02_c,,continuous,0.18,"231,81,54",,,,,
P_T_02_d,,continuous,0.18,"231,81,54",,,,,
P_T_03_a,,continuous,0.18,"107,25,31",,,,,
P_T_03_b,,continuous,0.18,"107,25,31",,,,,
P_T_03_c,,continuous,0.18,"107,25,31",,,,,
P_T_03_d,,continuous,0.18,"107,25,31",,,,,
P_T_04_a,,continuous,0.18,"45,88,69",,,,,
P_T_04_b,,continuous,0.18,"45,88,69",,,,,
P_T_04_c,,continuous,0.18,"45,88,69",,,,,
P_T_04_d,,continuous,0.18,"45,88,69",,,,,
P_T_05_a,,continuous,0.18,"229,212,194",,,,,
P_T_05_b,,continuous,0.18,"229,212,194",,,,,
P_T_05_c,,continuous,0.18,"229,212,194",,,,,
P_T_05_d,,continuous,0.18,"229,212,194",,,,,
P_T_06_a,,continuous,0.18,"188,200,199",,,,,
P_T_06_b,,continuous,0.18,"188,200,199",,,,,
P_T_06_c,,continuous,0.18,"188,200,199",,,,,
P_T_06_d,,continuous,0.18,"188,200,199",,,,,
P_T_07_a,,continuous,0.18,"39,48,47",,,,,
P_T_07_b,,continuous,0.18,"39,48,47",random_points_01,"105,105,105",1.5,,"105,105,105"
P_T_07_c,,continuous,0.18,"39,48,47",,,,,
P_T_07_d,,continuous,0.18,"39,48,47",,,,,
P_W_01_a,PAV_PRD1_MAT7_5_COL10_3_BST1,continuous,0.18,"160,130,90",,,,,
P_W_01_b,PAV_PRD1_MAT7_5_COL10_3_BST2,continuous,0.18,"160,130,90",,,,,
P_W_02_a,PAV_PRD1_MAT7_12_COL10_1_BST1,continuous,0.18,"160,130,90",,,,,
P_W_02_b,PAV_PRD1_MAT7_12_COL10_1_BST2,continuous,0.18,"160,130,90",,,,,
P_W_03_a,PAV_PRD1_MAT7_5_COL9_3_BST1,continuous,0.18,"111,90,62",,,,,
P_W_03_b,PAV_PRD1_MAT7_5_COL9_3_BST2,continuous,0.18,"111,90,62",,,,,
P_W_04_a,PAV_PRD1_MAT7_12_COL9_1_BST1,continuous,0.18,"111,90,62",,,,,
P_W_04_b,PAV_PRD1_MAT7_12_COL9_1_BST2,continuous,0.18,"111,90,62",,,,,
S_C,,continuous,0.18,black,,,,,
S_C_01,,continuous,0.18,black,,,,,
S_C_02,,continuous,0.18,black,,,,,
S_C_03,,continuous,0.18,black,,,,,
S_C_04,,continuous,0.18,black,,,,,
S_P,,continuous,0.18,black,,,,,
S_P_01,,continuous,0.18,black,,,,,
S_P_02,,continuous,0.18,black,,,,,
S_P_03,,continuous,0.18,black,,,,,
S_P_04,,continuous,0.18,black,,,,,
S_K,,continuous,0.18,black,,,,,
S_K_01,,continuous,0.18,black,,,,,
S_K_02,,continuous,0.18,black,,,,,
S_P_03,,continuous,0.18,black,,,,,
S_P_04,,continuous,0.18,black,,,,,
W_L_01_b,,continuous,0.18,black,,,,,
W_L_01_c,,continuous,0.18,black,,,,,
W_L_01_d,,continuous,0.18,black,,,,,
W_L_02_a,,continuous,0.18,black,,,,,
W_L_03_a,,continuous,0.18,black,,,,,
W_L_03_b,,continuous,0.18,black,,,,,
W_L_03_c,,continuous,0.18,black,,,,,
W_L_03_d,,continuous,0.18,black,,,,,
W_L_04_a,,continuous,0.18,"184,112,40",,,,,
W_L_04_b,,continuous,0.18,"184,112,40",,,,,
W_L_04_c,,continuous,0.18,"184,112,40",,,,,
W_L_04_d,,continuous,0.18,"184,112,40",,,,,
W_L_05_b,,continuous,0.18,"184,112,40",,,,,
W_L_05_c,,continuous,0.18,"184,112,40",,,,,
W_L_05_d,,continuous,0.18,"184,112,40",,,,,
W_L_06_b,,continuous,0.18,"67,50,45",,,,,
W_L_06_c,,continuous,0.18,"67,50,45",,,,,
W_L_06_d,,continuous,0.18,"67,50,45",,,,,
W_L_07_a,,continuous,0.18,"67,50,45",,,,,
W_L_07_c,,continuous,0.18,"67,50,45",,,,,
W_L_08,,continuous,0.18,black,,,,,
W_L_09,,continuous,0.18,black,,,,,
W_R_01_a,,continuous,0.18,"85,226,231",,,,,"230,230,230"
W_R_01_b,,continuous,0.18,"115,137,138",,,,,
W_R_02_a,,continuous,0.18,black,,,,,
W_R_02_b,,continuous,0.18,black,,,,,
W_R_03_a,,continuous,0.18,black,,,,,
W_R_03_b,,continuous,0.18,black,,,,,
W_R_04_b,,continuous,0.18,black,,,,,
W_R_05,,continuous,0.25,"191,191,255",,,,,"182,243,255"
W_R_05_a,,continuous,0.25,"191,191,255",,,,,"182,243,255"
W_R_06_b,,continuous,0.18,black,,,,,
W_R_07_a,,continuous,0.18,"184,112,40",,,,,
W_R_07_b,,continuous,0.18,"184,112,40",,,,,
W_R_08_a,,continuous,0.18,"184,112,40",,,,,
W_R_08_b,,continuous,0.18,"184,112,40",,,,,
W_R_09_a,,continuous,0.18,"184,112,40",,,,,
W_R_09_b,,continuous,0.18,"184,112,40",,,,,
W_R_10_a,,continuous,0.18,black,,,,,
W_R_10_b,,continuous,0.18,black,,,,,
W_T,,continuous,0.18,black,,,,,
W_T_01_a,,continuous,0.18,black,,,,,
W_T_01_b,,continuous,0.18,black,,,,,
W_T_01_c,,continuous,0.18,black,,,,,
W_T_01_n,,continuous,0.18,black,,,,,
W_T_02_a,,continuous,0.18,black,,,,,
W_T_02_b,,continuous,0.18,black,,,,,
W_T_02_c,,continuous,0.18,black,,,,,
W_T_02_n,,continuous,0.18,black,,,,,
W_T_03_a,,continuous,0.18,black,,,,,
W_T_03_b,,continuous,0.18,black,,,,,
W_T_03_c,,continuous,0.18,black,,,,,
W_T_03_d,,continuous,0.18,black,,,,,
W_T_03_e,,continuous,0.18,black,,,,,
W_T_03_f,,continuous,0.18,black,,,,,
W_T_03_n,,continuous,0.18,black,,,,,
W_T_03_p,,continuous,0.18,black,,,,,
W_T_04_a,,continuous,0.18,black,,,,,
W_T_04_b,,continuous,0.18,"184,112,40",,,,,
W_T_04_c,,continuous,0.18,"184,112,40",,,,,
W_T_04_n,,continuous,0.18,"184,112,40",,,,,
W_T_05_d,,continuous,0.18,"184,112,40",,,,,
W_T_05_e,,continuous,0.18,"184,112,40",,,,,
W_T_05_f,,continuous,0.18,"184,112,40",,,,,
W_T_05_g,,continuous,0.18,"184,112,40",,,,,
W_T_05_h,,continuous,0.18,"184,112,40",,,,,
W_T_05_k,,continuous,0.18,"184,112,40",,,,,
W_T_05_m,,continuous,0.18,"184,112,40",,,,,
W_T_05_p,,continuous,0.18,"184,112,40",,,,,
W_T_05_r,,continuous,0.18,"184,112,40",,,,,
W_T_06_g,,continuous,0.18,black,,,,,
W_T_06_h,,continuous,0.18,black,,,,,
W_T_06_k,,continuous,0.18,black,,,,,
W_T_06_r,,continuous,0.18,black,,,,,
W_T_07_g,,continuous,0.18,black,,,,,
W_T_07_h,,continuous,0.18,black,,,,,
W_T_07_k,,continuous,0.18,black,,,,,
W_T_07_r,,continuous,0.18,black,,,,,
W_T_08_a,,continuous,0.18,"67,50,45",,,,,
W_T_08_b,,continuous,0.18,"67,50,45",,,,,
W_T_08_c,,continuous,0.18,"67,50,45",,,,,
W_T_09_d,,continuous,0.18,"67,50,45",,,,,
W_T_09_e,,continuous,0.18,"67,50,45",,,,,
W_T_09_f,,continuous,0.18,"67,50,45",,,,,
W_T_09_g,,continuous,0.18,"67,50,45",,,,,
W_T_09_h,,continuous,0.18,"67,50,45",,,,,
W_T_09_k,,continuous,0.18,"67,50,45",,,,,
W_T_09_m,,continuous,0.18,"67,50,45",,,,,
